,Random_Avg,Algo_Avg
total,0.19733124951456762,0.22322228122443666
util,0.29339356151863993,0.15209010714409518
nutrition,0.1347389355858254,0.24841886764668938
cost,0.5981830464074149,0.5162423011677152
